<?xml version="1.0"?>
<pagescount>
	<html_total>10</html_total>
	<html_done>2</html_done>
	<img>172</img>
	<js>33</js>
	<css>20</css>
	<pdf/>
	<doc/>
	<xls/>
	<ppt/>
	<swf/>
	<mp3/>
	<mp4/>
	<xml/>
	<json/>
	<txt/>
	<fonts>33</fonts>
	<scraping_reload>1</scraping_reload>
	<is_pretty_url>false</is_pretty_url>
	<is_ebn>false</is_ebn>
	<theme_name>427834</theme_name>
	<server_url_front_page>https://www6.waybackmachinedownloader.com/wdo/files/demo/essentials.pixfort.com_emoxic.sama_gmail.com_fsp2ysa0e8/</server_url_front_page>
	<no_www_url>essentials.pixfort.com</no_www_url>
	<hosted_domain/>
	<original_archive_url>https://essentials.pixfort.com/product</original_archive_url>
	<final_archive_url>https://essentials.pixfort.com/product</final_archive_url>
	<front_page_code_date/>
	<total_urls_from_api/>
	<search_url_added>false</search_url_added>
	<total_size>10064</total_size>
</pagescount>
