<?xml version="1.0"?>
<pagescount>
	<html_total>9</html_total>
	<html_done>2</html_done>
	<img>44</img>
	<js>6</js>
	<css>1</css>
	<pdf/>
	<doc/>
	<xls/>
	<ppt/>
	<swf/>
	<mp3/>
	<mp4/>
	<xml/>
	<json/>
	<txt/>
	<fonts>6</fonts>
	<scraping_reload>1</scraping_reload>
	<is_pretty_url>false</is_pretty_url>
	<is_ebn>false</is_ebn>
	<theme_name>428053</theme_name>
	<server_url_front_page>https://www6.waybackmachinedownloader.com/wdo/files/demo/kernel.com_emoxic.sama_gmail.com_nuw5do5n1t/</server_url_front_page>
	<no_www_url>kernel.com</no_www_url>
	<hosted_domain/>
	<original_archive_url>https://www.kernel.com/</original_archive_url>
	<final_archive_url>https://www.kernel.com/</final_archive_url>
	<front_page_code_date/>
	<total_urls_from_api/>
	<search_url_added>false</search_url_added>
	<total_size>10284</total_size>
</pagescount>
